Filesnames,zcr,spectral_c,rolloff,mfcc1,mfcc2,mfcc3,mfcc4,mfcc5,mfcc6,mfcc7,mfcc8,mfcc9,mfcc10,mfcc11,mfcc12,mfcc13,mfcc14,mfcc15,mfcc16,mfcc17,mfcc18,mfcc19,mfcc20
temp/0.wav,25900,3924.9875029813634,7440.9041388186415,-58.72706,41.576946,-8.094361,23.695234,-9.923077,12.818018,-6.0056133,10.390146,-6.1856437,10.354818,-7.5157633,6.7919407,-10.64299,5.5912347,-11.886575,4.1025386,-10.678151,2.7893002,-10.071592,5.317203
