Filesnames,zcr,spectral_c,rolloff,mfcc1,mfcc2,mfcc3,mfcc4,mfcc5,mfcc6,mfcc7,mfcc8,mfcc9,mfcc10,mfcc11,mfcc12,mfcc13,mfcc14,mfcc15,mfcc16,mfcc17,mfcc18,mfcc19,mfcc20
temp/0.wav,20791,2738.147893196006,4317.2827571802745,-118.21157836914062,76.19644165039062,-56.885128021240234,59.69195556640625,-3.389603614807129,-2.6537716388702393,-11.580526351928711,9.343222618103027,-2.6659326553344727,1.0853160619735718,-3.747600555419922,9.727027893066406,-1.6687759160995483,3.145158529281616,-2.9797990322113037,6.492006778717041,-5.077336311340332,3.1118228435516357,-4.229386329650879,5.799127578735352
