Filesnames,zcr,spectral_c,rolloff,mfcc1,mfcc2,mfcc3,mfcc4,mfcc5,mfcc6,mfcc7,mfcc8,mfcc9,mfcc10,mfcc11,mfcc12,mfcc13,mfcc14,mfcc15,mfcc16,mfcc17,mfcc18,mfcc19,mfcc20
temp/11.wav,7399,3037.8615667457952,6872.452470195087,-174.02432,53.81177,15.732754,45.375473,16.176813,30.952177,0.05894298,20.76376,-1.133912,13.32156,-0.99632525,15.397396,-2.1197627,11.9251995,-3.516367,8.679149,-4.7453036,6.987625,-4.776787,7.269977
