Filesnames,zcr,spectral_c,rolloff,mfcc1,mfcc2,mfcc3,mfcc4,mfcc5,mfcc6,mfcc7,mfcc8,mfcc9,mfcc10,mfcc11,mfcc12,mfcc13,mfcc14,mfcc15,mfcc16,mfcc17,mfcc18,mfcc19,mfcc20
temp/0.wav,2856,1624.9439040602567,4142.465509844653,-145.47866821289062,110.29727935791016,24.547094345092773,37.660282135009766,11.815052032470703,19.894508361816406,0.6832016110420227,15.868172645568848,-1.418898344039917,10.247623443603516,1.1200318336486816,8.333308219909668,-0.9954004883766174,9.893178939819336,-4.600486755371094,9.380027770996094,-3.745056390762329,7.808058738708496,-4.426427364349365,7.254525184631348
