Filesnames,zcr,spectral_c,rolloff,mfcc1,mfcc2,mfcc3,mfcc4,mfcc5,mfcc6,mfcc7,mfcc8,mfcc9,mfcc10,mfcc11,mfcc12,mfcc13,mfcc14,mfcc15,mfcc16,mfcc17,mfcc18,mfcc19,mfcc20
temp/0.wav,1784,889.4744673159386,1659.3013344472542,-261.6780090332031,110.20315551757812,38.38917922973633,92.5096435546875,42.33309555053711,34.60311508178711,1.4516308307647705,12.603023529052734,-2.9620022773742676,8.491988182067871,-16.533262252807617,-2.365771770477295,-5.902235507965088,-0.8735735416412354,-1.1840214729309082,-3.8744328022003174,-2.0341010093688965,1.644324541091919,-1.3618711233139038,-0.5714309215545654
