Filesnames,zcr,spectral_c,rolloff,mfcc1,mfcc2,mfcc3,mfcc4,mfcc5,mfcc6,mfcc7,mfcc8,mfcc9,mfcc10,mfcc11,mfcc12,mfcc13,mfcc14,mfcc15,mfcc16,mfcc17,mfcc18,mfcc19,mfcc20
Dataset/Test/Feu1_71_11.wav,10069,3278.6125637263954,7350.414897940752,-109.05630493164062,49.34368133544922,24.710803985595703,42.0322380065918,14.77344036102295,26.727069854736328,-0.24652209877967834,18.249448776245117,-3.102756977081299,10.859792709350586,-2.0174973011016846,14.730536460876465,-2.1665680408477783,13.156670570373535,-3.248342514038086,10.175419807434082,-4.091555595397949,6.292791843414307,-6.59517240524292,7.196261405944824
